	Genename	ALY	ESA	AHA	AHA1
40	AT5G59000.1	496027	Thhalv10014600m	NaN	NaN
88	AT4G09030.1	942556	Thhalv10029063m	NaN	NaN
103	AT3G09130.1	478226	Thhalv10003326m	NaN	NaN
125	AT5G55990.1	950254	Thhalv10014594m	NaN	NaN
127	AT1G03730.1	470345	Thhalv10008772m	NaN	NaN
165	AT2G34925.1	482457	Thhalv10017483m	NaN	NaN
186	AT3G52420.1	485609	Thhalv10010886m	NaN	NaN
218	AT4G23930.1	492471	Thhalv10026760m	NaN	NaN
232	AT1G02920.1	470263	Thhalv10008776m	NaN	NaN
250	AT1G57750.1	474859	Thhalv10023422m	NaN	NaN
276	AT4G25630.1	492264	Thhalv10025746m	NaN	NaN
287	AT4G13450.1	497040	Thhalv10027024m	NaN	NaN
324	AT3G30280.1	936799	Thhalv10025210m	NaN	NaN
336	AT3G55970.1	938544	Thhalv10006163m	NaN	NaN
373	AT4G14780.1	946872	Thhalv10025537m	NaN	NaN
464	AT2G22030.1	320045	Thhalv10000554m	NaN	NaN
577	AT3G08890.1	928539	Thhalv10021655m	NaN	NaN
596	AT1G27150.1	472688	Thhalv10007555m	NaN	NaN
660	AT1G30730.1	473304	Thhalv10007354m	NaN	NaN
667	AT5G60510.1	496196	Thhalv10014376m	NaN	NaN
718	AT4G27230.1	492075	Thhalv10026555m	NaN	NaN
721	AT1G72950.1	908906	Thhalv10018617m	NaN	NaN
744	AT1G23520.1	472615	Thhalv10008486m	NaN	NaN
757	AT5G48760.1	494941	Thhalv10004924m	NaN	NaN
817	AT1G23640.1	335602	Thhalv10009760m	NaN	NaN
844	AT1G18690.1	312817	Thhalv10007657m	NaN	NaN
897	AT4G12617.1	943178	Thhalv10029127m	NaN	NaN
905	AT3G24220.1	930459	Thhalv10002459m	NaN	NaN
952	AT3G04530.1	477709	Thhalv10021288m	NaN	NaN
963	AT4G02230.1	490348	Thhalv10028960m	NaN	NaN
994	AT2G45610.1	483697	Thhalv10001767m	NaN	NaN
1034	AT4G21310.1	492752	Thhalv10026413m	NaN	NaN
1038	AT3G14310.1	478847	Thhalv10020354m	NaN	NaN
1073	AT4G15215.1	329987	Thhalv10024221m	NaN	NaN
1117	AT4G15400.1	493352	Thhalv10025191m	NaN	NaN
1125	AT4G12530.1	490054	Thhalv10029497m	NaN	NaN
1140	AT1G75240.1	926904	Thhalv10018892m	NaN	NaN
1167	AT5G19700.1	941520	Thhalv10013302m	NaN	NaN
1175	AT2G04040.1	480060	Thhalv10002512m	NaN	NaN
1180	AT5G48430.1	494897	Thhalv10004331m	NaN	NaN
1198	AT1G49110.1	474052	Thhalv10012044m	NaN	NaN
1203	AT3G25770.1	484339	Thhalv10004824m	NaN	NaN
1238	AT1G63140.2	475033	Thhalv10023537m	NaN	NaN
1258	AT4G17340.1	493143	Thhalv10026069m	NaN	NaN
1327	AT4G23430.2	492531	Thhalv10025732m	NaN	NaN
1331	AT5G50480.1	495114	Thhalv10015323m	NaN	NaN
1346	AT3G17230.1	318486	Thhalv10021601m	NaN	NaN
1361	AT5G10800.1	325618	Thhalv10012641m	NaN	NaN
1363	AT1G62085.1	315177	Thhalv10023457m	NaN	NaN
1376	AT1G56360.1	474799	Thhalv10025132m	NaN	NaN
1389	AT5G59580.1	917701	Thhalv10013505m	NaN	NaN
1415	AT5G11230.1	940598	Thhalv10013985m	NaN	NaN
1504	AT5G09470.1	892856	Thhalv10016015m	NaN	NaN
1518	AT3G25280.1	930669	Thhalv10024047m	NaN	NaN
1529	AT5G14070.1	488239	Thhalv10015899m	NaN	NaN
1546	AT4G02320.1	943502	Thhalv10029374m	NaN	NaN
1547	AT5G48050.1	948994	Thhalv10001107m	NaN	NaN
1572	AT1G06350.1	470653	Thhalv10008320m	NaN	NaN
1619	AT4G04340.2	943210	Thhalv10028449m	NaN	NaN
1657	AT2G17180.1	931568	Thhalv10023020m	NaN	NaN
1686	AT3G10300.3	928719	Thhalv10021208m	NaN	NaN
1760	AT4G04450.1	327396	Thhalv10028586m	NaN	NaN
1824	AT4G02250.1	943509	Thhalv10029000m	NaN	NaN
1861	AT1G12360.1	471384	Thhalv10007001m	NaN	NaN
1867	AT1G20380.1	472267	Thhalv10006924m	NaN	NaN
1920	AT1G75590.1	926945	Thhalv10019286m	NaN	NaN
1945	AT3G48730.1	937638	Thhalv10010337m	NaN	NaN
1973	AT1G70720.1	476202	Thhalv10019136m	NaN	NaN
1989	AT5G15660.1	326016	Thhalv10015249m	NaN	NaN
2029	AT4G12510.1	943165	Thhalv10029060m	NaN	NaN
2085	AT4G37330.1	944125	Thhalv10024999m	NaN	NaN
2120	AT2G03210.1	484226	Thhalv10005557m	NaN	NaN
2164	AT2G35700.1	482537	Thhalv10017258m	NaN	NaN
2280	AT2G37190.1	934367	Thhalv10017332m	NaN	NaN
2301	AT3G05640.1	477856	Thhalv10020968m	NaN	NaN
2320	AT1G80490.2	927456	Thhalv10018037m	NaN	NaN
2348	AT1G04445.1	470423	Thhalv10009393m	NaN	NaN
2376	AT5G53040.1	331662	Thhalv10015321m	NaN	NaN
2407	AT3G03680.1	477613	Thhalv10019972m	NaN	NaN
2424	AT5G18840.1	488771	Thhalv10013389m	NaN	NaN
2464	AT1G01420.1	470138	Thhalv10010005m	NaN	NaN
2479	AT3G44830.1	323168	Thhalv10002852m	NaN	NaN
2487	AT5G14860.1	350625	Thhalv10015356m	NaN	NaN
2492	AT1G79130.1	477084	Thhalv10019859m	NaN	NaN
2558	AT5G05440.1	325175	Thhalv10014719m	NaN	NaN
2566	AT3G46840.1	485057	Thhalv10010149m	NaN	NaN
2569	AT5G43770.1	494628	Thhalv10003424m	NaN	NaN
2602	AT5G59120.1	496045	Thhalv10012780m	NaN	NaN
2639	AT5G45520.1	356455	Thhalv10000749m	NaN	NaN
2740	AT1G05530.1	919252	Thhalv10007589m	NaN	NaN
2794	AT1G52030.2	474322	Thhalv10011210m	NaN	NaN
2817	AT5G43890.1	494616	Thhalv10003214m	NaN	NaN
2822	AT5G46990.1	915365	Thhalv10001202m	NaN	NaN
2853	AT4G11040.1	352174	Thhalv10028850m	NaN	NaN
2858	AT1G12200.1	920054	Thhalv10007557m	NaN	NaN
2917	AT4G34930.1	944405	Thhalv10025285m	NaN	NaN
2927	AT3G52360.1	938116	Thhalv10010863m	NaN	NaN
2940	AT1G55960.1	314809	Thhalv10011546m	NaN	NaN
2943	AT1G44750.1	473816	Thhalv10011581m	NaN	NaN
3000	AT4G12110.1	943115	Thhalv10028846m	NaN	NaN
3049	AT4G33390.1	491351	Thhalv10027224m	NaN	NaN
3055	AT1G20860.1	335330	Thhalv10009424m	NaN	NaN
3066	AT3G49470.1	485304	Thhalv10010701m	NaN	NaN
3114	AT3G47740.1	485136	Thhalv10011038m	NaN	NaN
3135	AT4G15396.1	493354	Thhalv10025137m	NaN	NaN
3158	AT4G11590.1	489981	Thhalv10019453m	NaN	NaN
3210	AT3G11825.1	943008	Thhalv10021834m	NaN	NaN
3267	AT2G47060.4	483882	Thhalv10001465m	NaN	NaN
3276	AT3G45680.1	484951	Thhalv10002466m	NaN	NaN
3283	AT1G62600.1	475088	Thhalv10023249m	NaN	NaN
3285	AT3G50230.1	485378	Thhalv10010170m	NaN	NaN
3301	AT3G09530.1	928624	Thhalv10020272m	NaN	NaN
3324	AT1G04180.1	311505	Thhalv10009484m	NaN	NaN
3424	AT2G22795.1	481141	Thhalv10000072m	NaN	NaN
3440	AT5G37060.1	330263	Thhalv10012665m	NaN	NaN
3535	AT2G14690.1	480358	Thhalv10023172m	NaN	NaN
3546	AT1G15900.1	312580	Thhalv10009838m	NaN	NaN
3553	AT1G66780.1	951906	Thhalv10018422m	NaN	NaN
3569	AT4G18670.1	492992	Thhalv10024510m	NaN	NaN
3580	AT3G36659.1	340860	Thhalv10022426m	NaN	NaN
3589	AT1G70140.1	476139	Thhalv10018164m	NaN	NaN
3602	AT3G19090.1	904884	Thhalv10020682m	NaN	NaN
3630	AT2G21530.1	481019	Thhalv10000320m	NaN	NaN
3672	AT4G19410.1	492921	Thhalv10024796m	NaN	NaN
3703	AT3G14100.1	478823	Thhalv10020804m	NaN	NaN
3790	AT3G50510.1	897938	Thhalv10011114m	NaN	NaN
3812	AT1G34245.1	922535	Thhalv10009525m	NaN	NaN
3838	AT1G48480.1	923183	Thhalv10011300m	NaN	NaN
3924	AT3G16950.2	479163	Thhalv10020389m	NaN	NaN
3937	AT1G62870.1	475065	Thhalv10023299m	NaN	NaN
3950	AT5G27370.1	942361	Thhalv10005538m	NaN	NaN
3992	AT2G25295.1	320330	Thhalv10012357m	NaN	NaN
4026	AT3G52970.2	348388	Thhalv10010318m	NaN	NaN
4077	AT3G08940.2	478197	Thhalv10021263m	NaN	NaN
4177	AT4G09450.1	352012	Thhalv10022186m	NaN	NaN
4238	AT3G02520.1	477486	Thhalv10021346m	NaN	NaN
4315	AT1G56540.1	474812	Thhalv10000023m	NaN	NaN
4334	AT3G06210.1	477922	Thhalv10020063m	NaN	NaN
4401	AT4G00430.1	943716	Thhalv10028860m	NaN	NaN
4414	AT1G66070.1	475711	Thhalv10019428m	NaN	NaN
4430	AT1G30120.1	473230	Thhalv10007796m	NaN	NaN
4479	AT1G32585.1	922349	Thhalv10009422m	NaN	NaN
4482	AT3G45220.1	937184	Thhalv10011138m	NaN	NaN
4534	AT3G27830.1	484572	Thhalv10004964m	NaN	NaN
4557	AT5G55570.1	331885	Thhalv10014968m	NaN	NaN
4567	AT1G68845.1	315905	Thhalv10019819m	NaN	NaN
4572	AT1G23880.1	472649	Thhalv10007420m	NaN	NaN
4573	AT5G44110.1	494585	Thhalv10003252m	NaN	NaN
4577	AT5G35530.1	493615	Thhalv10017144m	NaN	NaN
4755	AT4G37690.1	944075	Thhalv10027092m	NaN	NaN
4774	AT2G19740.1	931417	Thhalv10002308m	NaN	NaN
4826	AT5G10530.1	940522	Thhalv10012947m	NaN	NaN
4869	AT3G20310.1	479554	Thhalv10021393m	NaN	NaN
4904	AT2G19330.1	343262	Thhalv10022960m	NaN	NaN
4909	AT3G44460.1	484862	Thhalv10011159m	NaN	NaN
4946	AT5G65690.1	496802	Thhalv10003764m	NaN	NaN
4952	AT1G65630.1	315601	Thhalv10019834m	NaN	NaN
4974	AT3G15534.1	929360	Thhalv10021922m	NaN	NaN
4983	AT5G46460.1	494326	Thhalv10000805m	NaN	NaN
5029	AT4G34135.1	491260	Thhalv10025048m	NaN	NaN
5084	AT3G11110.1	928824	Thhalv10022203m	NaN	NaN
5092	AT5G40040.1	493981	Thhalv10028149m	NaN	NaN
5103	AT3G44810.1	897260	Thhalv10017813m	NaN	NaN
5163	AT1G19320.1	472154	Thhalv10008604m	NaN	NaN
5204	AT3G09110.1	903774	Thhalv10002899m	NaN	NaN
5205	AT5G11420.1	487977	Thhalv10013887m	NaN	NaN
5214	AT3G59760.1	324433	Thhalv10005989m	NaN	NaN
5218	AT1G74040.1	476544	Thhalv10018267m	NaN	NaN
5225	AT1G31175.1	313968	Thhalv10009859m	NaN	NaN
5354	AT1G24590.1	921723	Thhalv10008321m	NaN	NaN
5373	AT3G23350.1	905388	Thhalv10022135m	NaN	NaN
5384	AT4G20370.1	890129	Thhalv10027204m	NaN	NaN
5418	AT1G21440.1	472380	Thhalv10008020m	NaN	NaN
5490	AT1G21395.1	472376	Thhalv10009843m	NaN	NaN
5541	AT1G51170.1	474232	Thhalv10011554m	NaN	NaN
5544	AT2G39851.1	483020	Thhalv10029353m	NaN	NaN
5561	AT2G32380.1	482166	Thhalv10017325m	NaN	NaN
5562	AT1G17420.1	471947	Thhalv10006732m	NaN	NaN
5566	AT3G08590.1	478159	Thhalv10020418m	NaN	NaN
5568	AT5G67070.1	951519	Thhalv10005130m	NaN	NaN
5591	AT3G03160.1	477563	Thhalv10021756m	NaN	NaN
5593	AT5G07770.1	892707	Thhalv10013334m	NaN	NaN
5604	AT1G70730.3	926404	Thhalv10018328m	NaN	NaN
5611	AT5G65495.1	496783	Thhalv10005325m	NaN	NaN
5680	AT5G09610.1	940424	Thhalv10015818m	NaN	NaN
5687	AT5G41250.1	493853	Thhalv10027680m	NaN	NaN
5702	AT3G12060.1	904095	Thhalv10020451m	NaN	NaN
5726	AT5G27320.1	351756	Thhalv10004511m	NaN	NaN
5750	AT2G23060.1	932285	Thhalv10000180m	NaN	NaN
5752	AT1G51210.1	923596	Thhalv10012395m	NaN	NaN
5810	AT5G56430.1	495733	Thhalv10015353m	NaN	NaN
5822	AT4G26250.1	492188	Thhalv10004562m	NaN	NaN
5843	AT4G15360.1	946792	Thhalv10020513m	NaN	NaN
5853	AT1G74820.1	926860	Thhalv10019104m	NaN	NaN
5869	AT1G32380.1	473426	Thhalv10007797m	NaN	NaN
5882	AT1G11250.1	312165	Thhalv10008327m	NaN	NaN
5893	AT5G37630.1	493738	Thhalv10027629m	NaN	NaN
5942	AT4G01470.1	943598	Thhalv10028907m	NaN	NaN
5952	AT1G13310.1	911122	Thhalv10009351m	NaN	NaN
5956	AT3G03690.1	317250	Thhalv10020953m	NaN	NaN
5962	AT1G31750.1	473360	Thhalv10008916m	NaN	NaN
5993	AT3G04900.1	477763	Thhalv10001101m	NaN	NaN
5995	AT1G20090.1	472235	Thhalv10008827m	NaN	NaN
6043	AT1G47280.1	314188	Thhalv10011903m	NaN	NaN
6046	AT5G25120.1	489366	Thhalv10004071m	NaN	NaN
6080	AT1G71040.1	476236	Thhalv10018329m	NaN	NaN
6200	AT5G27980.1	489622	Thhalv10004958m	NaN	NaN
6235	AT1G20730.1	911866	Thhalv10021358m	NaN	NaN
6285	AT1G59910.1	907482	Thhalv10023300m	NaN	NaN
6296	AT1G06980.1	470720	Thhalv10009700m	NaN	NaN
6330	AT3G25080.1	894054	Thhalv10027826m	NaN	NaN
6395	AT1G66390.1	925797	Thhalv10019041m	NaN	NaN
6411	AT1G62170.2	475127	Thhalv10001164m	NaN	NaN
6426	AT5G04010.1	487181	Thhalv10027472m	NaN	NaN
6444	AT2G24670.1	899837	Thhalv10009984m	NaN	NaN
6452	AT5G10350.1	487865	Thhalv10014635m	NaN	NaN
6495	AT5G27640.2	489433	Thhalv10000061m	NaN	NaN
6511	AT3G47050.1	485082	Thhalv10010213m	NaN	NaN
6521	AT4G04760.1	490113	Thhalv10029321m	NaN	NaN
6543	AT1G24200.1	912284	Thhalv10019296m	NaN	NaN
6576	AT1G35540.1	473654	Thhalv10029379m	NaN	NaN
6583	AT5G45050.1	915663	Thhalv10001165m	NaN	NaN
6591	AT4G36070.2	328146	Thhalv10027243m	NaN	NaN
6612	AT5G43745.1	333107	Thhalv10003159m	NaN	NaN
6617	AT1G05810.1	919287	Thhalv10008743m	NaN	NaN
6676	AT3G51600.1	485512	Thhalv10010829m	NaN	NaN
6815	AT4G15200.1	890784	Thhalv10024386m	NaN	NaN
6826	AT3G50330.1	485384	Thhalv10011068m	NaN	NaN
6859	AT3G48230.1	903247	Thhalv10022790m	NaN	NaN
6873	AT5G24080.1	941940	Thhalv10003657m	NaN	NaN
6885	AT4G04460.1	490093	Thhalv10028587m	NaN	NaN
6886	AT1G07850.1	910480	Thhalv10007281m	NaN	NaN
6917	AT3G27650.1	484553	Thhalv10005120m	NaN	NaN
6944	AT2G25300.1	932673	Thhalv10000224m	NaN	NaN
6949	AT3G56080.1	938559	Thhalv10005845m	NaN	NaN
6978	AT3G25265.1	952551	Thhalv10028008m	NaN	NaN
6980	AT5G48000.1	916217	Thhalv10016633m	NaN	NaN
6998	AT1G60920.1	475240	Thhalv10023813m	NaN	NaN
7015	AT5G42720.1	494762	Thhalv10003213m	NaN	NaN
7028	AT2G37390.1	482762	Thhalv10017074m	NaN	NaN
7056	AT2G31600.1	482086	Thhalv10017019m	NaN	NaN
7070	AT3G51570.1	485509	Thhalv10010076m	NaN	NaN
7119	AT1G74160.1	476557	Thhalv10018061m	NaN	NaN
7165	AT2G38810.1	482894	Thhalv10017405m	NaN	NaN
7259	AT1G50040.1	914113	Thhalv10011462m	NaN	NaN
7266	AT2G34430.1	482403	Thhalv10017088m	NaN	NaN
7314	AT1G02810.1	333607	Thhalv10007177m	NaN	NaN
7319	AT3G08870.1	478190	Thhalv10020180m	NaN	NaN
7326	AT5G10370.1	487868	Thhalv10012419m	NaN	NaN
7358	AT4G13640.2	891006	Thhalv10025876m	NaN	NaN
7421	ATCG01280.1	475624	Thhalv10001808m	NaN	NaN
7427	AT2G01913.1	484111	Thhalv10005091m	NaN	NaN
7501	AT2G37880.1	482794	Thhalv10017650m	NaN	NaN
7529	AT3G25240.1	930661	Thhalv10002988m	NaN	NaN
7601	AT3G44340.1	484854	Thhalv10010084m	NaN	NaN
7630	AT2G21180.1	932040	Thhalv10000371m	NaN	NaN
7693	AT1G21120.1	472349	Thhalv10007945m	NaN	NaN
7766	AT1G70370.1	926353	Thhalv10018277m	NaN	NaN
7767	AT4G14440.1	946934	Thhalv10026117m	NaN	NaN
7770	AT2G28570.1	933315	Thhalv10017810m	NaN	NaN
7837	AT1G27400.1	472943	Thhalv10008897m	NaN	NaN
7859	AT4G28700.1	945158	Thhalv10024961m	NaN	NaN
7869	AT1G12320.1	471381	Thhalv10008740m	NaN	NaN
7926	AT5G48890.1	949333	Thhalv10005585m	NaN	NaN
7985	AT5G17880.1	893705	Thhalv10012486m	NaN	NaN
7993	AT2G45970.1	935562	Thhalv10001389m	NaN	NaN
7998	AT3G20840.1	930033	Thhalv10020382m	NaN	NaN
8024	AT2G19050.1	480827	Thhalv10022764m	NaN	NaN
8071	AT4G23120.1	329317	Thhalv10027372m	NaN	NaN
8080	AT3G25780.1	484340	Thhalv10004810m	NaN	NaN
8110	AT1G70960.1	926355	Thhalv10019476m	NaN	NaN
8111	AT4G36830.1	944190	Thhalv10027253m	NaN	NaN
8124	AT3G06280.1	903494	Thhalv10029264m	NaN	NaN
8134	AT1G75810.1	476728	Thhalv10019558m	NaN	NaN
8161	AT1G53230.1	474447	Thhalv10011534m	NaN	NaN
8218	AT5G22545.1	941759	Thhalv10015096m	NaN	NaN
8264	AT1G51913.1	474312	Thhalv10012030m	NaN	NaN
8285	AT4G31560.1	497397	Thhalv10026511m	NaN	NaN
8294	AT2G33980.1	482345	Thhalv10016959m	NaN	NaN
8298	AT4G14805.1	493415	Thhalv10027383m	NaN	NaN
8301	AT5G43930.4	494609	Thhalv10003374m	NaN	NaN
8319	AT4G23920.1	492472	Thhalv10025610m	NaN	NaN
8331	AT4G15733.1	890708	Thhalv10026885m	NaN	NaN
8393	AT4G09510.1	489803	Thhalv10028553m	NaN	NaN
8396	AT3G48950.1	897748	Thhalv10011050m	NaN	NaN
8404	AT1G22190.1	472454	Thhalv10008326m	NaN	NaN
8426	AT3G20475.1	479572	Thhalv10022259m	NaN	NaN
8447	AT1G62410.1	924757	Thhalv10024066m	NaN	NaN
8463	AT3G29030.1	484671	Thhalv10004799m	NaN	NaN
8493	AT5G44360.1	494550	Thhalv10003322m	NaN	NaN
8506	AT5G16890.1	941190	Thhalv10013266m	NaN	NaN
8538	AT1G76090.1	926999	Thhalv10018759m	NaN	NaN
8558	AT3G21750.1	930138	Thhalv10020645m	NaN	NaN
8560	ATCG00530.1	315511	Thhalv10010976m	NaN	NaN
8611	AT5G53760.1	495453	Thhalv10013119m	NaN	NaN
8616	AT4G21430.1	946047	Thhalv10024332m	NaN	NaN
8617	AT2G07671.1	484743	Thhalv10023008m	NaN	NaN
8640	AT1G21320.1	472365	Thhalv10008603m	NaN	NaN
8709	AT3G51350.1	898036	Thhalv10010279m	NaN	NaN
8712	AT1G72000.1	316170	Thhalv10019647m	NaN	NaN
8721	AT1G27470.1	313471	Thhalv10006817m	NaN	NaN
8731	AT2G14960.1	480379	Thhalv10023027m	NaN	NaN
8769	AT5G27070.1	489617	Thhalv10005452m	NaN	NaN
8778	AT2G21510.1	481016	Thhalv10000223m	NaN	NaN
8809	AT3G52440.1	938123	Thhalv10010919m	NaN	NaN
8811	AT5G37810.1	330314	Thhalv10027876m	NaN	NaN
8855	AT5G16700.1	326109	Thhalv10015466m	NaN	NaN
8861	AT5G54420.1	921951	Thhalv10015602m	NaN	NaN
8921	AT3G05960.1	317457	Thhalv10020542m	NaN	NaN
8939	AT2G29040.1	933374	Thhalv10016337m	NaN	NaN
8953	AT3G14960.1	929279	Thhalv10021058m	NaN	NaN
9045	AT5G28900.1	489669	Thhalv10003957m	NaN	NaN
9072	AT1G60860.1	475245	Thhalv10023294m	NaN	NaN
9073	AT3G20160.1	929939	Thhalv10022207m	NaN	NaN
9096	AT3G27170.1	484500	Thhalv10003679m	NaN	NaN
9097	AT2G47140.1	902768	Thhalv10001593m	NaN	NaN
9113	AT2G38255.1	321526	Thhalv10009920m	NaN	NaN
9124	AT5G24050.1	930567	Thhalv10029136m	NaN	NaN
9156	AT3G19320.1	479447	Thhalv10020680m	NaN	NaN
9157	AT2G21655.1	932114	Thhalv10000516m	NaN	NaN
9176	AT1G57720.1	474857	Thhalv10023493m	NaN	NaN
9200	AT5G43900.3	494615	Thhalv10003130m	NaN	NaN
9212	AT5G63590.1	496548	Thhalv10029534m	NaN	NaN
9217	AT5G67190.1	951503	Thhalv10004985m	NaN	NaN
9226	AT2G20140.1	480455	Thhalv10001985m	NaN	NaN
9240	AT1G68380.1	475957	Thhalv10018660m	NaN	NaN
9257	AT2G27670.1	900578	Thhalv10008632m	NaN	NaN
9289	AT4G38670.1	943829	Thhalv10025944m	NaN	NaN
9300	AT2G25290.1	481385	Thhalv10000057m	NaN	NaN
9329	AT5G09550.1	487772	Thhalv10013547m	NaN	NaN
9333	AT5G10695.1	940540	Thhalv10016058m	NaN	NaN
9336	AT1G73760.1	476516	Thhalv10018747m	NaN	NaN
9359	AT4G14160.1	493493	Thhalv10024465m	NaN	NaN
9360	AT2G19990.1	480471	Thhalv10002159m	NaN	NaN
9375	AT1G06250.1	910311	Thhalv10007767m	NaN	NaN
9401	AT3G14060.1	478815	Thhalv10021772m	NaN	NaN
9412	AT1G79900.1	927522	Thhalv10018951m	NaN	NaN
9417	AT3G24650.1	342636	Thhalv10003110m	NaN	NaN
9432	AT1G51520.2	474265	Thhalv10011419m	NaN	NaN
9443	AT1G17530.1	471960	Thhalv10008868m	NaN	NaN
9501	AT1G57620.1	924398	Thhalv10023686m	NaN	NaN
9535	AT5G60780.1	332328	Thhalv10013201m	NaN	NaN
9561	AT4G01070.1	490463	Thhalv10028623m	NaN	NaN
9567	AT2G26080.1	481465	Thhalv10001891m	NaN	NaN
9571	AT3G13390.1	478720	Thhalv10020433m	NaN	NaN
9604	AT1G67390.1	908287	Thhalv10009850m	NaN	NaN
9626	AT1G10680.1	919859	Thhalv10009914m	NaN	NaN
9643	AT5G26090.1	489454	Thhalv10005491m	NaN	NaN
9691	AT2G36300.1	482602	Thhalv10017131m	NaN	NaN
9788	AT5G22150.1	894085	Thhalv10015608m	NaN	NaN
9791	AT3G59840.1	486449	Thhalv10006335m	NaN	NaN
9798	AT2G20990.3	480951	Thhalv10000116m	NaN	NaN
9926	AT5G44930.1	494490	Thhalv10000882m	NaN	NaN
9975	AT5G24570.1	942012	Thhalv10005240m	NaN	NaN
10076	AT1G50090.1	474143	Thhalv10011586m	NaN	NaN
10080	AT1G22430.1	472482	Thhalv10007878m	NaN	NaN
10084	AT4G15370.1	493357	Thhalv10027177m	NaN	NaN
10113	AT5G35090.1	493584	Thhalv10005689m	NaN	NaN
10134	AT2G33880.1	901222	Thhalv10016784m	NaN	NaN
10183	AT5G50030.1	949519	Thhalv10014776m	NaN	NaN
10193	AT4G04500.1	895521	Thhalv10028430m	NaN	NaN
10239	AT1G67870.1	926061	Thhalv10019051m	NaN	NaN
10258	AT1G14660.1	471645	Thhalv10006906m	NaN	NaN
10284	AT3G14040.1	478122	Thhalv10020501m	NaN	NaN
10307	AT1G69960.1	476122	Thhalv10018921m	NaN	NaN
10317	AT1G60810.1	475250	Thhalv10023479m	NaN	NaN
10359	AT2G20562.1	906871	Thhalv10002140m	NaN	NaN
10376	AT1G32710.1	913089	Thhalv10009443m	NaN	NaN
10477	AT2G34080.1	321132	Thhalv10016878m	NaN	NaN
10543	AT2G35460.1	934165	Thhalv10017735m	NaN	NaN
10561	AT2G38150.1	901726	Thhalv10017675m	NaN	NaN
10568	AT1G15757.1	911380	Thhalv10015154m	NaN	NaN
10597	AT4G10140.1	942814	Thhalv10029009m	NaN	NaN
10630	AT3G10560.1	478391	Thhalv10022031m	NaN	NaN
10669	AT3G48980.1	485256	Thhalv10010269m	NaN	NaN
10702	AT1G49780.1	474109	Thhalv10011515m	NaN	NaN
10802	AT3G15400.1	478982	Thhalv10020907m	NaN	NaN
10804	AT2G07020.1	342926	Thhalv10003057m	NaN	NaN
10821	AT3G48010.1	347894	Thhalv10010934m	NaN	NaN
10840	AT3G50350.1	485386	Thhalv10011124m	NaN	NaN
10845	AT2G36026.1	951699	Thhalv10017772m	NaN	NaN
10851	AT4G05330.1	490180	Thhalv10028788m	NaN	NaN
10862	AT4G31580.1	491582	Thhalv10026315m	NaN	NaN
10877	AT1G62810.1	475070	Thhalv10023306m	NaN	NaN
10896	AT1G02270.1	470188	Thhalv10007319m	NaN	NaN
10904	AT1G61760.1	924839	Thhalv10024123m	NaN	NaN
10930	AT2G17630.1	931623	Thhalv10023021m	NaN	NaN
10984	AT2G07674.1	930997	Thhalv10023135m	NaN	NaN
11032	AT5G58170.1	950518	Thhalv10012762m	NaN	NaN
11035	AT3G25800.1	936261	Thhalv10003886m	NaN	NaN
11051	AT2G27200.1	481615	Thhalv10001955m	NaN	NaN
11054	AT5G41460.1	947573	Thhalv10027721m	NaN	NaN
11085	AT1G01980.1	470076	Thhalv10007313m	NaN	NaN
11089	AT3G52370.1	485604	Thhalv10010381m	NaN	NaN
11108	AT1G25550.1	912452	Thhalv10008115m	NaN	NaN
11110	AT2G13542.1	931095	Thhalv10029133m	NaN	NaN
11167	AT2G16500.1	931833	Thhalv10022578m	NaN	NaN
11199	AT1G60760.1	924977	Thhalv10024081m	NaN	NaN
11230	AT1G62340.1	924765	Thhalv10023274m	NaN	NaN
11249	AT2G30240.1	344787	Thhalv10017642m	NaN	NaN
11258	AT1G70470.1	476167	Thhalv10019272m	NaN	NaN
11262	AT5G43360.1	331059	Thhalv10003183m	NaN	NaN
11302	AT5G08370.1	487670	Thhalv10013749m	NaN	NaN
11311	AT2G35690.1	934192	Thhalv10016360m	NaN	NaN
11317	AT2G25565.1	932709	Thhalv10000562m	NaN	NaN
11353	AT2G42950.1	935186	Thhalv10016539m	NaN	NaN
11356	AT3G51560.1	323710	Thhalv10010075m	NaN	NaN
11380	AT2G46770.1	935661	Thhalv10001506m	NaN	NaN
11398	AT1G48780.1	474016	Thhalv10012350m	NaN	NaN
11408	AT3G03530.1	317234	Thhalv10020472m	NaN	NaN
11410	AT3G50180.1	323593	Thhalv10011018m	NaN	NaN
11455	AT5G67210.1	496878	Thhalv10004623m	NaN	NaN
11464	AT4G33590.1	491325	Thhalv10027073m	NaN	NaN
11506	AT2G38310.1	934564	Thhalv10017727m	NaN	NaN
11553	AT4G19930.1	946177	Thhalv10025237m	NaN	NaN
11561	AT1G65550.1	894454	Thhalv10005426m	NaN	NaN
11563	AT2G20430.1	343604	Thhalv10002253m	NaN	NaN
11577	AT5G48270.1	949233	Thhalv10005686m	NaN	NaN
11663	AT4G15040.1	493383	Thhalv10026895m	NaN	NaN
11667	AT1G05300.1	470527	Thhalv10008057m	NaN	NaN
11701	AT2G35740.1	482546	Thhalv10016473m	NaN	NaN
11708	AT1G54690.1	947885	Thhalv10023750m	NaN	NaN
11744	AT1G61700.1	907276	Thhalv10023792m	NaN	NaN
11756	AT5G06070.1	487408	Thhalv10015420m	NaN	NaN
11777	AT3G53260.1	938226	Thhalv10010153m	NaN	NaN
11788	AT2G25890.1	932778	Thhalv10002154m	NaN	NaN
11835	AT4G20460.1	890118	Thhalv10025334m	NaN	NaN
11837	AT5G28237.1	471294	Thhalv10009923m	NaN	NaN
11898	AT1G35440.1	473675	Thhalv10001866m	NaN	NaN
11918	AT5G65240.2	918322	Thhalv10003847m	NaN	NaN
11929	AT5G16590.1	356181	Thhalv10012966m	NaN	NaN
11945	AT3G49620.1	485319	Thhalv10010531m	NaN	NaN
11949	AT1G74560.3	476596	Thhalv10019538m	NaN	NaN
11953	AT3G23060.1	479814	Thhalv10022423m	NaN	NaN
11968	AT1G31710.1	922235	Thhalv10007005m	NaN	NaN
12008	AT1G63710.1	907042	Thhalv10023410m	NaN	NaN
12050	AT5G11970.1	488039	Thhalv10015080m	NaN	NaN
12060	AT5G48470.1	494908	Thhalv10004357m	NaN	NaN
12138	AT1G31450.1	913338	Thhalv10009809m	NaN	NaN
12149	AT1G14850.1	911763	Thhalv10006562m	NaN	NaN
12164	AT1G02730.1	918929	Thhalv10006597m	NaN	NaN
12208	ATMG00650.1	942549	Thhalv10023053m	NaN	NaN
12265	AT2G35658.2	321280	Thhalv10017475m	NaN	NaN
12358	AT3G44550.1	484867	Thhalv10002495m	NaN	NaN
12423	AT4G29290.1	328779	Thhalv10027145m	NaN	NaN
12440	AT1G12930.1	471447	Thhalv10006676m	NaN	NaN
12443	AT1G51355.1	474246	Thhalv10011876m	NaN	NaN
12466	AT1G66560.1	908152	Thhalv10000686m	NaN	NaN
12475	AT1G36000.1	916655	Thhalv10023000m	NaN	NaN
12561	AT3G07390.1	478059	Thhalv10021367m	NaN	NaN
12604	AT1G49120.1	474053	Thhalv10012016m	NaN	NaN
12637	AT3G02430.1	927724	Thhalv10021481m	NaN	NaN
12642	AT1G03990.1	470376	Thhalv10006882m	NaN	NaN
12660	AT4G01220.1	943624	Thhalv10028748m	NaN	NaN
12683	ATCG00580.1	925461	Thhalv10011089m	NaN	NaN
12706	AT2G03280.2	896294	Thhalv10004114m	NaN	NaN
12735	AT4G32860.1	491410	Thhalv10026293m	NaN	NaN
12757	AT2G33420.1	345092	Thhalv10017527m	NaN	NaN
12799	AT3G03826.1	927914	Thhalv10023074m	NaN	NaN
12856	AT5G06670.1	487477	Thhalv10012568m	NaN	NaN
12857	AT3G22100.1	905233	Thhalv10021235m	NaN	NaN
12889	AT2G19980.1	480473	Thhalv10002107m	NaN	NaN
12938	AT4G25090.1	492327	Thhalv10024426m	NaN	NaN
12983	AT5G20390.1	941608	Thhalv10015407m	NaN	NaN
13059	AT2G44560.1	935393	Thhalv10027553m	NaN	NaN
13109	AT2G35270.1	482492	Thhalv10017027m	NaN	NaN
13124	AT1G21070.1	921075	Thhalv10008081m	NaN	NaN
13200	AT5G27750.1	489554	Thhalv10007600m	NaN	NaN
13224	AT3G20060.1	479525	Thhalv10021614m	NaN	NaN
13259	AT4G30470.1	491705	Thhalv10025830m	NaN	NaN
13339	AT4G40040.1	487928	Thhalv10019309m	NaN	NaN
13387	AT5G49150.1	949395	Thhalv10005444m	NaN	NaN
13390	AT2G32830.1	482224	Thhalv10016483m	NaN	NaN
13408	AT5G57190.1	917424	Thhalv10012950m	NaN	NaN
13416	AT2G40330.1	483087	Thhalv10017534m	NaN	NaN
13426	AT1G66145.1	925761	Thhalv10000574m	NaN	NaN
13452	AT2G39320.1	482952	Thhalv10027369m	NaN	NaN
13497	AT1G14190.1	334713	Thhalv10007408m	NaN	NaN
13504	AT3G13400.1	478721	Thhalv10020444m	NaN	NaN
13519	AT2G28790.1	481792	Thhalv10017135m	NaN	NaN
13576	AT4G22490.1	492622	Thhalv10027584m	NaN	NaN
13587	AT5G26790.1	489512	Thhalv10005279m	NaN	NaN
13635	AT2G30690.1	344831	Thhalv10016299m	NaN	NaN
13661	AT4G29700.1	491792	Thhalv10027375m	NaN	NaN
13770	AT5G01170.1	486963	Thhalv10015965m	NaN	NaN
13799	AT3G11320.1	478471	Thhalv10021195m	NaN	NaN
13859	ATCG00360.1	907879	Thhalv10011045m	NaN	NaN
13896	AT1G58725.1	475383	Thhalv10023950m	NaN	NaN
13926	AT1G18250.2	920750	Thhalv10008614m	NaN	NaN
13999	AT3G23120.1	930319	Thhalv10020067m	NaN	NaN
14064	AT2G19010.1	319861	Thhalv10022766m	NaN	NaN
14072	AT4G01870.1	490390	Thhalv10029281m	NaN	NaN
14082	AT5G09750.1	487795	Thhalv10015330m	NaN	NaN
14083	AT5G09740.1	487793	Thhalv10013550m	NaN	NaN
14091	AT1G29970.2	473214	Thhalv10009933m	NaN	NaN
14106	AT3G14210.1	478836	Thhalv10020877m	NaN	NaN
14130	AT3G62060.1	486713	Thhalv10005997m	NaN	NaN
14213	AT5G56075.1	495693	Thhalv10015928m	NaN	NaN
14265	AT2G23990.2	343951	Thhalv10000321m	NaN	NaN
14284	AT1G65352.1	315571	Thhalv10005663m	NaN	NaN
14304	AT3G58780.3	486333	Thhalv10006196m	NaN	NaN
14307	AT2G44578.1	935395	Thhalv10001745m	NaN	NaN
14320	AT3G16570.1	929488	Thhalv10021739m	NaN	NaN
14338	AT4G10550.3	942872	Thhalv10028448m	NaN	NaN
14342	AT2G37640.1	482761	Thhalv10017095m	NaN	NaN
14345	AT1G58030.1	475412	Thhalv10023348m	NaN	NaN
14388	AT2G47050.1	483878	Thhalv10001629m	NaN	NaN
14437	AT4G15450.1	890749	Thhalv10025458m	NaN	NaN
14478	AT1G72200.1	476353	Thhalv10019648m	NaN	NaN
14521	AT3G22310.1	479744	Thhalv10020296m	NaN	NaN
14548	AT5G49050.1	949368	Thhalv10005680m	NaN	NaN
14575	AT1G58310.1	907642	Thhalv10005904m	NaN	NaN
14661	AT5G53680.1	917019	Thhalv10015434m	NaN	NaN
14710	AT4G00110.1	943753	Thhalv10028667m	NaN	NaN
14784	AT1G44318.1	314128	Thhalv10012213m	NaN	NaN
14878	AT2G14740.1	931204	Thhalv10022598m	NaN	NaN
14889	AT3G24620.1	319167	Thhalv10002481m	NaN	NaN
14901	AT1G20900.1	472326	Thhalv10008220m	NaN	NaN
14908	AT1G02070.1	470066	Thhalv10009084m	NaN	NaN
14934	AT5G39760.1	494014	Thhalv10028098m	NaN	NaN
15026	AT3G51810.1	898078	Thhalv10010923m	NaN	NaN
15027	AT1G78470.1	909475	Thhalv10022453m	NaN	NaN
15036	AT2G17680.1	931629	Thhalv10022986m	NaN	NaN
15072	AT4G14640.1	330049	Thhalv10026490m	NaN	NaN
15075	AT5G28220.1	489645	Thhalv10004492m	NaN	NaN
15092	AT4G26320.1	492181	Thhalv10027232m	NaN	NaN
15100	AT4G28730.1	491884	Thhalv10026359m	NaN	NaN
15107	AT1G76580.1	927054	Thhalv10018054m	NaN	NaN
15114	AT4G25850.1	329088	Thhalv10025441m	NaN	NaN
15130	AT5G13380.1	940804	Thhalv10013038m	NaN	NaN
15136	AT5G07720.1	487607	Thhalv10013509m	NaN	NaN
15151	AT5G56320.1	495722	Thhalv10014463m	NaN	NaN
15176	AT2G37170.1	482707	Thhalv10017041m	NaN	NaN
15193	AT3G14720.1	478884	Thhalv10020339m	NaN	NaN
15196	AT2G02740.1	484180	Thhalv10004763m	NaN	NaN
15255	AT5G23950.1	941925	Thhalv10004867m	NaN	NaN
15297	AT3G47980.1	485159	Thhalv10010656m	NaN	NaN
15358	AT5G45980.1	948358	Thhalv10001099m	NaN	NaN
15362	AT5G07040.1	940152	Thhalv10014903m	NaN	NaN
15384	AT5G23740.1	941900	Thhalv10005057m	NaN	NaN
15392	AT5G50175.1	495074	Thhalv10015058m	NaN	NaN
15421	AT5G05820.1	487383	Thhalv10014183m	NaN	NaN
15447	AT4G18100.1	493058	Thhalv10026550m	NaN	NaN
15464	AT3G50760.1	937924	Thhalv10010596m	NaN	NaN
15486	AT4G08395.1	949376	Thhalv10009055m	NaN	NaN
15517	AT1G31420.1	922635	Thhalv10007149m	NaN	NaN
15534	AT1G04600.1	919144	Thhalv10006545m	NaN	NaN
15584	AT3G04550.1	928005	Thhalv10020727m	NaN	NaN
15607	AT4G17700.1	946413	Thhalv10009919m	NaN	NaN
15612	AT5G37650.1	891369	Thhalv10001931m	NaN	NaN
15628	AT5G14380.1	488278	Thhalv10014929m	NaN	NaN
15655	AT1G06670.1	311738	Thhalv10006566m	NaN	NaN
15667	AT2G47800.1	483963	Thhalv10011183m	NaN	NaN
15726	AT5G19060.1	488789	Thhalv10013116m	NaN	NaN
15776	AT1G54970.1	474772	Thhalv10000254m	NaN	NaN
15777	AT1G44191.1	473807	Thhalv10011611m	NaN	NaN
15779	AT3G23340.1	479849	Thhalv10020765m	NaN	NaN
15790	ATMG00640.1	942548	Thhalv10023156m	NaN	NaN
15804	AT4G18290.1	329707	Thhalv10024618m	NaN	NaN
15807	AT5G44460.1	948670	Thhalv10001042m	NaN	NaN
15814	AT1G61480.1	924884	Thhalv10023285m	NaN	NaN
15926	AT3G06100.1	477911	Thhalv10021311m	NaN	NaN
15927	AT5G44660.1	494518	Thhalv10000939m	NaN	NaN
15932	ATCG00430.1	925508	Thhalv10011105m	NaN	NaN
15939	ATCG00420.1	925539	Thhalv10010993m	NaN	NaN
15942	AT5G51580.1	888008	Thhalv10016047m	NaN	NaN
15952	AT5G25490.1	489407	Thhalv10005026m	NaN	NaN
15992	AT1G13480.1	471510	Thhalv10007895m	NaN	NaN
16028	AT3G63052.1	480869	Thhalv10002143m	NaN	NaN
16029	AT4G23220.1	492543	Thhalv10024579m	NaN	NaN
16063	AT1G28160.1	473024	Thhalv10009328m	NaN	NaN
16083	AT3G49200.1	937708	Thhalv10011067m	NaN	NaN
16110	AT3G09590.1	928630	Thhalv10022343m	NaN	NaN
16116	AT5G17890.1	941306	Thhalv10012485m	NaN	NaN
16130	AT3G25050.1	930617	Thhalv10002629m	NaN	NaN
16141	AT1G24310.1	472914	Thhalv10008300m	NaN	NaN
16145	AT2G31830.2	482106	Thhalv10016160m	NaN	NaN
16153	AT1G74740.1	476611	Thhalv10018366m	NaN	NaN
16206	AT2G22520.1	913041	Thhalv10000456m	NaN	NaN
16237	AT3G27270.1	936462	Thhalv10005332m	NaN	NaN
16240	AT1G69990.1	926301	Thhalv10018330m	NaN	NaN
16270	AT3G17150.1	479186	Thhalv10022317m	NaN	NaN
16281	AT4G13075.1	497089	Thhalv10026849m	NaN	NaN
16305	AT1G19670.1	472193	Thhalv10008201m	NaN	NaN
16320	AT2G01770.1	484095	Thhalv10005591m	NaN	NaN
16326	AT3G17390.1	479215	Thhalv10020887m	NaN	NaN
16352	AT5G27610.1	942337	Thhalv10003596m	NaN	NaN
16383	AT3G51440.1	485496	Thhalv10010472m	NaN	NaN
16413	AT5G08350.1	487669	Thhalv10014408m	NaN	NaN
16429	AT1G48660.1	474007	Thhalv10011352m	NaN	NaN
16441	AT5G07520.1	487587	Thhalv10014560m	NaN	NaN
16583	AT2G19500.1	480522	Thhalv10023158m	NaN	NaN
16605	AT4G35700.1	328182	Thhalv10026068m	NaN	NaN
16620	ATMG00660.1	489701	Thhalv10023031m	NaN	NaN
16654	ATCG00520.1	907872	Thhalv10010960m	NaN	NaN
16698	AT1G26320.1	472786	Thhalv10009666m	NaN	NaN
16719	AT2G17950.1	931663	Thhalv10023091m	NaN	NaN
16731	AT2G45470.1	483684	Thhalv10001463m	NaN	NaN
16742	AT4G30460.1	491706	Thhalv10026505m	NaN	NaN
16784	AT3G50800.1	937928	Thhalv10010783m	NaN	NaN
16787	AT3G60780.1	486550	Thhalv10006225m	NaN	NaN
16865	AT5G01210.1	486958	Thhalv10013380m	NaN	NaN
16880	AT3G13432.1	904247	Thhalv10022359m	NaN	NaN
16895	AT3G24830.1	930609	Thhalv10002667m	NaN	NaN
16900	AT1G79410.1	477106	Thhalv10018417m	NaN	NaN
16907	AT3G61720.1	486663	Thhalv10006434m	NaN	NaN
16930	AT4G32870.1	491409	Thhalv10026440m	NaN	NaN
16938	AT1G15710.1	920474	Thhalv10008067m	NaN	NaN
16974	AT5G36260.1	891239	Thhalv10004115m	NaN	NaN
17025	AT1G06030.1	470615	Thhalv10008196m	NaN	NaN
17040	AT2G04750.1	319280	Thhalv10003006m	NaN	NaN
17096	AT3G47410.1	897583	Thhalv10010980m	NaN	NaN
17108	AT3G26190.1	484387	Thhalv10005677m	NaN	NaN
17130	AT1G71970.1	926556	Thhalv10019856m	NaN	NaN
17158	AT2G21690.1	481035	Thhalv10000466m	NaN	NaN
17176	AT2G44810.1	322142	Thhalv10001768m	NaN	NaN
17247	AT3G05260.1	477813	Thhalv10022134m	NaN	NaN
17257	AT2G45840.1	483723	Thhalv10001309m	NaN	NaN
17292	ATCG00870.1	493595	Thhalv10012154m	NaN	NaN
17369	AT2G31490.1	933697	Thhalv10017500m	NaN	NaN
17380	AT5G66740.1	918499	Thhalv10004430m	NaN	NaN
17383	AT4G13580.1	947071	Thhalv10027245m	NaN	NaN
17394	AT5G51760.1	495242	Thhalv10015875m	NaN	NaN
17405	AT5G16740.1	326112	Thhalv10015719m	NaN	NaN
17434	AT3G13140.1	318086	Thhalv10022260m	NaN	NaN
17438	AT4G13190.1	333010	Thhalv10026941m	NaN	NaN
17444	AT5G63650.1	951172	Thhalv10004481m	NaN	NaN
17522	AT2G41180.1	483187	Thhalv10017346m	NaN	NaN
17544	AT3G43950.1	921792	Thhalv10010592m	NaN	NaN
17562	AT2G37770.2	482783	Thhalv10016962m	NaN	NaN
17681	AT1G53700.1	923932	Thhalv10011428m	NaN	NaN
17705	AT4G29735.2	945034	Thhalv10026717m	NaN	NaN
17740	AT1G29600.1	313613	Thhalv10009455m	NaN	NaN
17751	AT1G72330.3	476362	Thhalv10019459m	NaN	NaN
17772	ATCG00050.1	475585	Thhalv10028241m	NaN	NaN
17849	AT5G08000.1	350051	Thhalv10014742m	NaN	NaN
17852	AT3G24880.1	480005	Thhalv10002368m	NaN	NaN
17862	AT5G53610.1	949958	Thhalv10005328m	NaN	NaN
17981	AT4G04720.1	490110	Thhalv10028567m	NaN	NaN
17998	AT3G46030.1	484983	Thhalv10002705m	NaN	NaN
18042	AT1G28395.2	313543	Thhalv10009195m	NaN	NaN
18043	AT4G26490.1	945424	Thhalv10027581m	NaN	NaN
18132	AT1G45403.1	494170	Thhalv10012133m	NaN	NaN
18190	AT1G16440.1	471840	Thhalv10007415m	NaN	NaN
18264	AT3G27030.1	322830	Thhalv10005506m	NaN	NaN
18271	AT2G19000.1	480832	Thhalv10022963m	NaN	NaN
18330	AT4G35680.1	944317	Thhalv10027259m	NaN	NaN
18333	AT5G45960.1	494382	Thhalv10000926m	NaN	NaN
18382	AT4G11960.1	490014	Thhalv10028695m	NaN	NaN
18385	AT2G16120.1	343514	Thhalv10023129m	NaN	NaN
18499	AT1G70880.1	476223	Thhalv10019433m	NaN	NaN
18530	AT3G09140.1	478227	Thhalv10009362m	NaN	NaN
18557	AT4G38520.1	490616	Thhalv10025386m	NaN	NaN
18582	AT1G48030.1	473938	Thhalv10011408m	NaN	NaN
18586	AT1G55570.1	924070	Thhalv10011364m	NaN	NaN
18588	AT1G61540.1	315222	Thhalv10029356m	NaN	NaN
18612	AT1G33540.1	922447	Thhalv10007570m	NaN	NaN
18759	AT1G21410.1	472378	Thhalv10008012m	NaN	NaN
18814	AT1G52695.1	474396	Thhalv10011946m	NaN	NaN
18820	AT1G64110.2	474944	Thhalv10023275m	NaN	NaN
18832	AT1G10770.1	471212	Thhalv10008932m	NaN	NaN
18884	AT5G45830.1	330831	Thhalv10001138m	NaN	NaN
18905	AT1G52550.1	923776	Thhalv10011859m	NaN	NaN
18945	AT3G28223.1	319134	Thhalv10009727m	NaN	NaN
18997	AT1G59950.1	907480	Thhalv10023592m	NaN	NaN
19022	AT5G58860.1	497374	Thhalv10013214m	NaN	NaN
19053	AT5G10130.1	487839	Thhalv10014875m	NaN	NaN
19056	AT5G39310.1	356074	Thhalv10027877m	NaN	NaN
19063	AT1G07840.2	919517	Thhalv10008245m	NaN	NaN
19112	AT3G50990.1	898002	Thhalv10011077m	NaN	NaN
19134	AT5G37460.1	947388	Thhalv10027691m	NaN	NaN
19159	AT5G09730.1	325518	Thhalv10012739m	NaN	NaN
19275	AT4G03170.1	493975	Thhalv10017517m	NaN	NaN
19279	AT1G49270.1	314348	Thhalv10011277m	NaN	NaN
19289	AT2G31180.1	900923	Thhalv10017136m	NaN	NaN
19295	AT5G17490.1	488615	Thhalv10015535m	NaN	NaN
19321	AT2G19970.1	480476	Thhalv10002104m	NaN	NaN
19368	AT5G08360.1	350085	Thhalv10014556m	NaN	NaN
19402	AT5G60830.1	480043	Thhalv10005347m	NaN	NaN
19414	AT3G50820.1	937931	Thhalv10010535m	NaN	NaN
19423	AT3G09120.1	478225	Thhalv10009971m	NaN	NaN
19457	AT5G36150.1	896878	Thhalv10017701m	NaN	NaN
19480	AT2G47840.1	483969	Thhalv10004927m	NaN	NaN
19507	AT3G55780.1	486019	Thhalv10010910m	NaN	NaN
19522	AT2G42520.1	483345	Thhalv10016388m	NaN	NaN
19537	AT3G04980.1	477778	Thhalv10019946m	NaN	NaN
19544	AT5G62230.1	496399	Thhalv10003615m	NaN	NaN
19558	AT4G10520.1	489897	Thhalv10028454m	NaN	NaN
19604	AT1G23030.1	472553	Thhalv10007104m	NaN	NaN
19635	AT4G26530.1	492157	Thhalv10025556m	NaN	NaN
19680	AT1G59890.2	925075	Thhalv10023225m	NaN	NaN
19702	AT4G03540.1	327471	Thhalv10029027m	NaN	NaN
19726	AT4G23390.1	492537	Thhalv10025267m	NaN	NaN
19754	AT5G43010.1	494702	Thhalv10003221m	NaN	NaN
19759	AT4G27320.1	889422	Thhalv10026025m	NaN	NaN
19762	AT1G62540.1	315143	Thhalv10023450m	NaN	NaN
19789	AT3G28940.1	936692	Thhalv10005031m	NaN	NaN
19805	AT4G13220.1	915101	Thhalv10026377m	NaN	NaN
19823	AT2G28830.1	320670	Thhalv10016364m	NaN	NaN
19919	AT1G18200.1	911632	Thhalv10008703m	NaN	NaN
19943	AT4G14716.1	493429	Thhalv10026306m	NaN	NaN
19971	AT1G12090.1	471359	Thhalv10009061m	NaN	NaN
19972	AT4G20800.1	492806	Thhalv10027093m	NaN	NaN
20117	AT1G23320.1	335577	Thhalv10009685m	NaN	NaN
20188	AT1G07130.1	919434	Thhalv10008979m	NaN	NaN
20223	AT5G53090.1	495376	Thhalv10013852m	NaN	NaN
20281	AT5G60840.1	887947	Thhalv10004975m	NaN	NaN
20362	AT1G52690.1	474395	Thhalv10011826m	NaN	NaN
20383	AT5G13440.1	488163	Thhalv10014365m	NaN	NaN
20436	AT2G27150.1	481603	Thhalv10001885m	NaN	NaN
20472	AT2G23250.1	932318	Thhalv10000540m	NaN	NaN
20490	AT2G37580.1	345494	Thhalv10017177m	NaN	NaN
20546	AT4G37420.1	944112	Thhalv10027280m	NaN	NaN
20564	AT5G18690.1	941396	Thhalv10015003m	NaN	NaN
20607	AT3G24790.1	319187	Thhalv10002860m	NaN	NaN
20611	AT2G23800.1	932378	Thhalv10000201m	NaN	NaN
20625	AT3G54640.1	485868	Thhalv10010558m	NaN	NaN
20672	AT2G21740.1	932117	Thhalv10000374m	NaN	NaN
20686	AT1G79480.1	477115	Thhalv10019651m	NaN	NaN
20700	AT3G63020.1	324725	Thhalv10006488m	NaN	NaN
20750	AT4G36160.1	491017	Thhalv10025510m	NaN	NaN
20767	AT5G55200.1	495605	Thhalv10014177m	NaN	NaN
20812	AT2G28420.1	481659	Thhalv10017750m	NaN	NaN
20837	AT4G14510.1	330061	Thhalv10024373m	NaN	NaN
20858	AT5G39720.1	947843	Thhalv10027971m	NaN	NaN
20874	AT2G45050.1	935453	Thhalv10001591m	NaN	NaN
20881	AT1G43080.1	913543	Thhalv10017738m	NaN	NaN
20935	AT1G19930.1	338371	Thhalv10009657m	NaN	NaN
20938	AT5G13830.1	325857	Thhalv10014583m	NaN	NaN
20950	AT1G33390.1	473512	Thhalv10024243m	NaN	NaN
20979	AT2G37470.1	482740	Thhalv10010811m	NaN	NaN
20988	AT2G04910.1	930814	Thhalv10002820m	NaN	NaN
20989	AT1G16410.1	920545	Thhalv10007301m	NaN	NaN
20998	AT5G64240.2	496625	Thhalv10004470m	NaN	NaN
21057	AT5G14610.1	940941	Thhalv10012853m	NaN	NaN
21096	AT1G50950.1	474215	Thhalv10011436m	NaN	NaN
21250	AT2G03290.1	322631	Thhalv10005484m	NaN	NaN
21263	AT1G70540.1	476179	Thhalv10019249m	NaN	NaN
21288	AT2G29995.1	481909	Thhalv10017505m	NaN	NaN
21299	AT5G14980.1	940980	Thhalv10014122m	NaN	NaN
21304	AT4G22370.1	329383	Thhalv10027004m	NaN	NaN
21328	AT4G13955.1	890976	Thhalv10027134m	NaN	NaN
21399	AT4G23370.1	492539	Thhalv10000787m	NaN	NaN
21410	AT5G22560.1	489115	Thhalv10027328m	NaN	NaN
21457	AT2G16660.1	931495	Thhalv10022630m	NaN	NaN
21471	AT3G09400.1	478259	Thhalv10022396m	NaN	NaN
21472	AT4G33585.1	944569	Thhalv10027191m	NaN	NaN
21473	AT1G60783.1	924973	Thhalv10024030m	NaN	NaN
21511	AT5G59040.1	496052	Thhalv10015395m	NaN	NaN
21569	AT1G52050.1	474323	Thhalv10011670m	NaN	NaN
21619	AT5G67120.1	332860	Thhalv10005473m	NaN	NaN
21643	AT5G26780.3	489509	Thhalv10018408m	NaN	NaN
21661	AT5G25330.1	489384	Thhalv10004452m	NaN	NaN
21664	AT5G25320.1	326799	Thhalv10004050m	NaN	NaN
21666	AT4G18195.1	890380	Thhalv10025391m	NaN	NaN
21693	AT3G50310.1	937867	Thhalv10010509m	NaN	NaN
21727	AT3G20750.1	905096	Thhalv10022088m	NaN	NaN
21770	AT3G50050.1	323582	Thhalv10010198m	NaN	NaN
21815	AT1G15990.1	911407	Thhalv10009463m	NaN	NaN
21818	AT3G29185.2	484688	Thhalv10004355m	NaN	NaN
21826	AT1G14260.1	471592	Thhalv10008459m	NaN	NaN
21838	AT5G38100.1	494169	Thhalv10028313m	NaN	NaN
21852	AT1G07070.1	470729	Thhalv10009155m	NaN	NaN
21871	AT1G59590.1	475354	Thhalv10024035m	NaN	NaN
21876	AT1G66245.1	475729	Thhalv10022342m	NaN	NaN
21909	AT2G29640.1	481877	Thhalv10017013m	NaN	NaN
21953	AT1G56580.1	924364	Thhalv10023729m	NaN	NaN
21967	AT4G28750.1	491882	Thhalv10026332m	NaN	NaN
21969	AT1G26420.1	472778	Thhalv10007352m	NaN	NaN
22014	AT5G23010.1	941819	Thhalv10003976m	NaN	NaN
22054	AT4G14680.1	493438	Thhalv10025125m	NaN	NaN
22057	AT3G60440.1	324496	Thhalv10006148m	NaN	NaN
22119	AT1G03880.1	470363	Thhalv10009410m	NaN	NaN
22130	AT4G26720.1	945389	Thhalv10025814m	NaN	NaN
22157	AT5G03550.1	892266	Thhalv10014790m	NaN	NaN
22167	AT3G62070.1	349267	Thhalv10006193m	NaN	NaN
22180	AT5G20330.1	488942	Thhalv10015636m	NaN	NaN
22200	AT5G42910.1	915998	Thhalv10003386m	NaN	NaN
22204	AT2G32100.1	482142	Thhalv10017153m	NaN	NaN
22212	AT5G41000.1	493877	Thhalv10027673m	NaN	NaN
22233	AT1G53282.1	314652	Thhalv10002751m	NaN	NaN
22235	AT2G31160.1	497295	Thhalv10017162m	NaN	NaN
22311	AT1G64220.1	924520	Thhalv10023788m	NaN	NaN
22347	AT4G00930.1	330259	Thhalv10023229m	NaN	NaN
22577	AT1G80580.1	316902	Thhalv10019474m	NaN	NaN
22663	AT4G18780.1	492981	Thhalv10024314m	NaN	NaN
22677	AT5G49270.1	494988	Thhalv10003778m	NaN	NaN
22716	AT4G19200.1	946251	Thhalv10026367m	NaN	NaN
22730	AT1G44224.1	922902	Thhalv10012327m	NaN	NaN
22825	AT1G77780.1	909403	Thhalv10019644m	NaN	NaN
22847	AT2G30150.1	481926	Thhalv10025222m	NaN	NaN
22865	AT3G06470.1	477952	Thhalv10021309m	NaN	NaN
22870	AT2G14680.2	906204	Thhalv10022593m	NaN	NaN
22948	AT5G40090.1	493978	Thhalv10028295m	NaN	NaN
22952	AT3G22961.1	905337	Thhalv10021946m	NaN	NaN
22981	AT3G49700.1	348080	Thhalv10011085m	NaN	NaN
22989	AT4G33970.1	491276	Thhalv10024590m	NaN	NaN
23007	AT4G27240.1	889430	Thhalv10025260m	NaN	NaN
23034	AT1G72960.1	908907	Thhalv10018140m	NaN	NaN
23056	AT1G29550.1	473164	Thhalv10008588m	NaN	NaN
23099	AT5G02870.1	487065	Thhalv10013700m	NaN	NaN
23153	AT3G26880.1	484466	Thhalv10005094m	NaN	NaN
23163	AT5G59100.1	496047	Thhalv10015507m	NaN	NaN
23203	AT3G05540.1	903398	Thhalv10022380m	NaN	NaN
23253	AT2G20750.1	480911	Thhalv10002071m	NaN	NaN
23260	AT3G16940.1	318458	Thhalv10020047m	NaN	NaN
23317	AT4G35240.1	888546	Thhalv10024384m	NaN	NaN
23341	AT1G17810.1	920704	Thhalv10008480m	NaN	NaN
23343	AT3G14320.1	478848	Thhalv10022171m	NaN	NaN
23353	AT3G52960.1	485670	Thhalv10010680m	NaN	NaN
23366	AT5G45020.1	915666	Thhalv10000959m	NaN	NaN
23410	AT3G07350.1	478057	Thhalv10021229m	NaN	NaN
23548	AT4G36130.1	491018	Thhalv10026029m	NaN	NaN
23602	AT1G21310.1	476851	Thhalv10018812m	NaN	NaN
23610	AT4G30280.1	491722	Thhalv10025803m	NaN	NaN
23635	AT3G54020.1	938313	Thhalv10010600m	NaN	NaN
23659	AT1G60450.1	907432	Thhalv10009767m	NaN	NaN
23672	AT3G49410.1	485301	Thhalv10010256m	NaN	NaN
23684	AT1G59870.1	475320	Thhalv10018005m	NaN	NaN
23714	AT3G05610.1	477851	Thhalv10020314m	NaN	NaN
23730	AT2G34870.1	482450	Thhalv10017469m	NaN	NaN
23773	AT5G40940.1	493882	Thhalv10028170m	NaN	NaN
23781	AT1G59725.1	907514	Thhalv10023552m	NaN	NaN
23815	AT1G64310.1	924505	Thhalv10023386m	NaN	NaN
23826	AT1G50310.1	314430	Thhalv10011372m	NaN	NaN
23855	AT5G01640.1	939499	Thhalv10014660m	NaN	NaN
23884	AT5G48070.1	494858	Thhalv10025934m	NaN	NaN
23987	AT1G01620.1	470115	Thhalv10008397m	NaN	NaN
24000	AT5G07980.1	487631	Thhalv10012434m	NaN	NaN
24035	AT2G38070.1	482814	Thhalv10017664m	NaN	NaN
24038	AT5G50640.1	331457	Thhalv10013164m	NaN	NaN
24043	AT5G03980.1	487178	Thhalv10015988m	NaN	NaN
24055	AT5G54010.1	950024	Thhalv10013535m	NaN	NaN
24057	AT3G11650.1	478510	Thhalv10021416m	NaN	NaN
24105	AT5G54550.1	495535	Thhalv10015966m	NaN	NaN
24114	AT5G17650.1	941276	Thhalv10014844m	NaN	NaN
24126	AT1G02720.1	470231	Thhalv10008011m	NaN	NaN
24136	AT1G74110.1	339613	Thhalv10019645m	NaN	NaN
24145	AT1G47810.1	913798	Thhalv10015726m	NaN	NaN
24186	AT3G19570.2	479470	Thhalv10020236m	NaN	NaN
24210	AT3G47090.1	347816	Thhalv10010090m	NaN	NaN
24212	AT1G34580.1	473605	Thhalv10001815m	NaN	NaN
24341	AT5G41430.1	947575	Thhalv10027946m	NaN	NaN
24419	AT4G21930.1	492675	Thhalv10026386m	NaN	NaN
24430	AT1G08310.2	910535	Thhalv10008270m	NaN	NaN
24442	AT1G80960.2	909029	Thhalv10019621m	NaN	NaN
24456	AT5G19360.1	326334	Thhalv10013240m	NaN	NaN
24475	AT5G07870.1	487617	Thhalv10013445m	NaN	NaN
24484	AT5G07530.1	940214	Thhalv10013795m	NaN	NaN
24494	AT1G24764.1	921711	Thhalv10007068m	NaN	NaN
24509	AT3G49130.1	889484	Thhalv10015678m	NaN	NaN
24511	AT1G74050.1	476546	Thhalv10019079m	NaN	NaN
24543	AT4G33840.1	491295	Thhalv10027468m	NaN	NaN
24568	AT5G07170.1	325332	Thhalv10015847m	NaN	NaN
24579	AT1G12810.2	471435	Thhalv10009108m	NaN	NaN
24615	AT2G46210.1	483768	Thhalv10001443m	NaN	NaN
24617	AT4G14225.1	946981	Thhalv10027273m	NaN	NaN
24668	AT2G23190.1	899629	Thhalv10002361m	NaN	NaN
24698	AT2G03590.1	896332	Thhalv10004375m	NaN	NaN
24704	AT5G04080.1	939806	Thhalv10015225m	NaN	NaN
24735	AT3G54700.1	485875	Thhalv10010274m	NaN	NaN
24740	AT2G25060.1	481360	Thhalv10000346m	NaN	NaN
24755	AT5G15250.2	893435	Thhalv10016003m	NaN	NaN
24763	AT4G14130.1	493497	Thhalv10025705m	NaN	NaN
24767	AT3G49290.1	485287	Thhalv10010561m	NaN	NaN
24839	AT2G32390.3	344999	Thhalv10016205m	NaN	NaN
24841	AT5G52370.1	496025	Thhalv10014944m	NaN	NaN
24905	AT3G03760.1	340538	Thhalv10021301m	NaN	NaN
24930	AT1G28300.1	473040	Thhalv10009849m	NaN	NaN
24946	AT5G54800.1	950130	Thhalv10013772m	NaN	NaN
24955	AT4G16980.1	493180	Thhalv10026423m	NaN	NaN
24960	AT4G14580.1	946921	Thhalv10025228m	NaN	NaN
25031	AT3G48300.1	897677	Thhalv10010323m	NaN	NaN
25067	AT2G30420.1	888011	Thhalv10017480m	NaN	NaN
25072	AT2G37980.1	482804	Thhalv10017869m	NaN	NaN
25108	AT4G39610.1	490740	Thhalv10025971m	NaN	NaN
25111	AT3G26110.1	484375	Thhalv10005436m	NaN	NaN
25130	AT5G44130.1	494579	Thhalv10003262m	NaN	NaN
25174	AT5G50080.1	495065	Thhalv10014579m	NaN	NaN
25221	AT3G09085.1	478219	Thhalv10021991m	NaN	NaN
25285	AT3G24225.1	930454	Thhalv10003030m	NaN	NaN
25286	AT1G09040.1	470983	Thhalv10006718m	NaN	NaN
25343	AT5G65005.1	949036	Thhalv10015769m	NaN	NaN
25359	AT2G30310.1	481942	Thhalv10017743m	NaN	NaN
25393	AT1G28550.1	912687	Thhalv10008739m	NaN	NaN
25400	AT3G03730.1	952586	Thhalv10022303m	NaN	NaN
25415	AT1G27170.1	313276	Thhalv10023218m	NaN	NaN
25444	AT2G35640.1	345299	Thhalv10016925m	NaN	NaN
25474	AT3G49960.1	897877	Thhalv10010538m	NaN	NaN
25482	AT2G18620.1	480765	Thhalv10022750m	NaN	NaN
25491	AT2G24440.1	481300	Thhalv10000334m	NaN	NaN
25514	AT3G60350.1	939070	Thhalv10005776m	NaN	NaN
25596	AT4G04210.1	490080	Thhalv10028833m	NaN	NaN
25602	AT2G38340.1	482845	Thhalv10017658m	NaN	NaN
25610	AT5G53100.1	949890	Thhalv10013865m	NaN	NaN
25624	AT5G47750.1	494187	Thhalv10000825m	NaN	NaN
25657	AT4G25410.1	354244	Thhalv10027549m	NaN	NaN
25659	AT3G55110.1	485932	Thhalv10010159m	NaN	NaN
25677	AT3G24300.1	479942	Thhalv10002494m	NaN	NaN
25780	AT1G58807.1	907562	Thhalv10023235m	NaN	NaN
25822	AT1G57560.1	314948	Thhalv10023601m	NaN	NaN
25844	AT1G50650.1	914177	Thhalv10012178m	NaN	NaN
25845	AT3G08690.1	478172	Thhalv10021705m	NaN	NaN
25865	AT4G30920.1	944893	Thhalv10024754m	NaN	NaN
25876	AT1G75050.1	316436	Thhalv10019680m	NaN	NaN
25879	AT1G29160.1	921948	Thhalv10008914m	NaN	NaN
25882	AT1G49650.1	923386	Thhalv10011580m	NaN	NaN
25898	AT2G28720.1	933338	Thhalv10017370m	NaN	NaN
25914	AT5G44390.1	330958	Thhalv10001137m	NaN	NaN
25921	AT2G36830.1	482663	Thhalv10017134m	NaN	NaN
25928	AT1G60590.1	924996	Thhalv10023404m	NaN	NaN
25929	AT5G14105.1	488243	Thhalv10021865m	NaN	NaN
25935	AT5G24150.1	894303	Thhalv10004005m	NaN	NaN
25952	AT3G26170.1	484384	Thhalv10004062m	NaN	NaN
25992	AT3G20580.1	479584	Thhalv10020212m	NaN	NaN
26042	AT1G19910.1	472216	Thhalv10008949m	NaN	NaN
26054	AT5G41310.1	330390	Thhalv10027635m	NaN	NaN
26071	AT2G17860.1	343407	Thhalv10022970m	NaN	NaN
26101	AT5G38920.1	917839	Thhalv10003060m	NaN	NaN
26103	AT3G27600.1	347136	Thhalv10023046m	NaN	NaN
26198	AT5G26050.1	942188	Thhalv10005364m	NaN	NaN
26258	AT1G32340.1	913045	Thhalv10007022m	NaN	NaN
26272	AT5G55020.1	495585	Thhalv10013018m	NaN	NaN
26294	AT3G11550.1	478496	Thhalv10021542m	NaN	NaN
26299	AT1G07180.1	919443	Thhalv10007398m	NaN	NaN
26306	AT3G53510.1	485729	Thhalv10010147m	NaN	NaN
26386	AT3G47600.1	937505	Thhalv10010525m	NaN	NaN
26395	AT2G36450.1	934276	Thhalv10017537m	NaN	NaN
26400	AT1G30410.1	313679	Thhalv10006559m	NaN	NaN
26457	AT4G30380.1	328678	Thhalv10026568m	NaN	NaN
26491	AT5G56920.1	950363	Thhalv10015718m	NaN	NaN
26497	AT1G35340.1	922683	Thhalv10001819m	NaN	NaN
26587	AT1G27040.1	912320	Thhalv10009612m	NaN	NaN
26678	AT5G60660.1	950814	Thhalv10014299m	NaN	NaN
26735	AT5G37160.1	493692	Thhalv10022968m	NaN	NaN
26851	AT3G06750.1	477990	Thhalv10021706m	NaN	NaN
26915	AT2G47970.1	483989	Thhalv10001466m	NaN	NaN
26929	AT4G27070.1	492090	Thhalv10025097m	NaN	NaN
26963	AT5G38130.1	330642	Thhalv10027774m	NaN	NaN
26990	AT4G32375.1	888872	Thhalv10027449m	NaN	NaN
27007	AT4G01190.1	895898	Thhalv10028694m	NaN	NaN
27049	AT5G14640.1	488305	Thhalv10013689m	NaN	NaN
27058	AT3G15910.1	937630	Thhalv10015397m	NaN	NaN
27064	AT3G23840.1	479896	Thhalv10002536m	NaN	NaN
27069	AT3G25950.1	936287	Thhalv10004816m	NaN	NaN
27079	AT5G61690.1	496336	Thhalv10023241m	NaN	NaN
27105	AT5G26730.1	351658	Thhalv10005288m	NaN	NaN
27134	AT1G21540.1	921129	Thhalv10007282m	NaN	NaN
27139	AT5G27360.1	894704	Thhalv10004135m	NaN	NaN
27169	AT1G51240.1	923599	Thhalv10005414m	NaN	NaN
27223	AT5G37860.1	355742	Thhalv10028162m	NaN	NaN
27252	AT5G51640.1	495231	Thhalv10013411m	NaN	NaN
27299	AT3G01220.1	927652	Thhalv10021334m	NaN	NaN
27310	AT1G15670.1	471761	Thhalv10008027m	NaN	NaN
27322	AT1G58520.2	925155	Thhalv10023298m	NaN	NaN
27330	AT3G54830.1	324014	Thhalv10010278m	NaN	NaN
27332	AT2G36460.1	482625	Thhalv10016856m	NaN	NaN
27336	AT1G51920.1	914352	Thhalv10011907m	NaN	NaN
27343	AT5G54990.1	495582	Thhalv10015640m	NaN	NaN
27372	AT5G53390.1	949931	Thhalv10013378m	NaN	NaN
27378	AT1G78815.1	927295	Thhalv10019792m	NaN	NaN
